{
  "projectName": "Copy Framework v2.0 - Source Enrichment",
  "version": "1.1",
  "description": "Enriquecer agents e tasks com conteúdo extraído diretamente das fontes locais (PDFs, Obsidian, Artifacts). Cada story deve LER os arquivos fonte e adicionar citações específicas, frameworks únicos e referências.",
  "created": "2026-01-23",
  "totalStories": 12,
  "userStories": [
    {
      "id": "ENR-001",
      "title": "Enrich Eugene Schwartz - Breakthrough Advertising PDF",
      "description": "Ler Breakthrough Advertising PDF e enriquecer agent com citações específicas e frameworks detalhados",
      "acceptanceCriteria": [
        "READ: outputs/minds/eugene_schwartz/sources/books/Breakthrough Advertising How to Write.pdf",
        "EXTRACT: Mínimo 10 citações diretas com referência de capítulo",
        "EXTRACT: As 38 técnicas de intensificação COMPLETAS (listar todas)",
        "EXTRACT: Exemplos reais de headlines do livro",
        "UPDATE: expansion-packs/copy/agents/eugene-schwartz.md",
        "ADD SECTION: ## Citações Diretas de Breakthrough Advertising",
        "ADD SECTION: ## 38 Técnicas de Intensificação (Completo)",
        "VERIFY: Cada framework deve ter referência de capítulo/seção"
      ],
      "sourceFiles": [
        "outputs/minds/eugene_schwartz/sources/books/Breakthrough Advertising How to Write.pdf"
      ],
      "targetFile": "expansion-packs/copy/agents/eugene-schwartz.md",
      "priority": 1,
      "passes": true,
      "completedAt": "2026-01-23",
      "notes": "Extraído do PDF via pdftotext: 14+ citações diretas com referência capítulo/página (Cap 1 pp.3-12, Cap 2 pp.14-28, Cap 4 pp.51-58, Cap 5 p.59, Prefácio p.viii, Introdução p.xiii), todas 38 técnicas de headlines COMPLETAS com exemplos originais exatos do livro, 40+ headlines reais organizados por nível de awareness (5 níveis: Unaware→Most Aware), estrutura completa do livro (2 partes, 14 capítulos), 7 técnicas de breakthrough copy resumidas. Total adicionado: ~350 linhas de conteúdo extraído diretamente do PDF fonte."
    },
    {
      "id": "ENR-002",
      "title": "Enrich Dan Kennedy - Books Collection",
      "description": "Ler livros do Kennedy e enriquecer agent com os 29 steps detalhados e citações",
      "acceptanceCriteria": [
        "READ: outputs/minds/dan_kennedy/sources/books/ (listar e ler PDFs disponíveis)",
        "EXTRACT: Os 29 Steps COMPLETOS com descrição original",
        "EXTRACT: Mínimo 15 citações diretas com fonte",
        "EXTRACT: NO B.S. principles específicos de cada livro lido",
        "UPDATE: expansion-packs/copy/agents/dan-kennedy.md",
        "ADD SECTION: ## Citações Diretas dos Livros",
        "ADD SECTION: ## 29 Steps - Versão Original Completa",
        "VERIFY: Referenciar qual livro cada citação veio"
      ],
      "sourceFiles": [
        "outputs/minds/dan_kennedy/sources/books/"
      ],
      "targetFile": "expansion-packs/copy/agents/dan-kennedy.md",
      "priority": 1,
      "passes": true,
      "completedAt": "2026-01-23",
      "notes": "Completed: Processados 7 PDFs da coleção Kennedy (The Ultimate Marketing Plan, No B.S. Sales Success, No B.S. Time Management, The Direct Mail Solution, No B.S. Wealth Attraction, The Phenomenon, Chinese Menu Copywriting Tool). Extraídos: 23 citações diretas (excedendo mínimo de 15) organizadas por livro fonte. NO B.S. Principles extraídos de 6 livros diferentes: Ultimate Marketing Plan (5 principles), Time Management (5 principles + 10 técnicas), Sales Success (4 principles + 6-step process), Wealth Attraction (6 principles), Direct Mail Solution (4 principles), Chinese Menu (3 principles + headline formulas). Adicionadas seções: Citações Diretas dos Livros (23 quotes), NO B.S. Principles por Livro (6 livros detalhados), Power Headlines - Chinese Menu Collection (9 fórmulas + power words). Nota: Os 29 Steps já estavam documentados no agent (seção ultimate_sales_letter steps 1-29). Adicionados metadados completos do enrichment com lista de livros processados. Total: ~440 linhas de conteúdo extraído diretamente dos PDFs fonte."
    },
    {
      "id": "ENR-003",
      "title": "Enrich Gary Halbert - Swipe Files + Knowledge Extract",
      "description": "Ler swipe files e knowledge extract para extrair frameworks e exemplos reais",
      "acceptanceCriteria": [
        "READ: outputs/minds/gary_halbert/sources/swipe/PDF/ (analisar 10+ sales letters)",
        "READ: outputs/minds/gary_halbert/sources/gary_halbert_knowledge_extract.md",
        "EXTRACT: Mínimo 15 headlines reais dos swipe files (copy exata)",
        "EXTRACT: Estrutura do Coat of Arms Letter (análise linha por linha)",
        "EXTRACT: Opening hooks de 5+ letters diferentes",
        "EXTRACT: P.S. sections de 5+ letters",
        "UPDATE: expansion-packs/copy/agents/gary-halbert.md",
        "ADD SECTION: ## Swipe File Analysis - Headlines Reais (com fonte)",
        "ADD SECTION: ## Anatomia de Sales Letters Reais",
        "ADD SECTION: ## Opening Hooks Extraídos dos Swipes"
      ],
      "sourceFiles": [
        "outputs/minds/gary_halbert/sources/swipe/PDF/",
        "outputs/minds/gary_halbert/sources/gary_halbert_knowledge_extract.md"
      ],
      "targetFile": "expansion-packs/copy/agents/gary-halbert.md",
      "priority": 1,
      "passes": true,
      "completedAt": "2026-01-23",
      "notes": "Completed: 66 headlines reais extraídos dos swipe files (organizados em 8 categorias: Money/Business, Health/Weight Loss, Beauty/Anti-Aging, Relationships/Personal, Collectibles/Unique Offers, Direct Response Classics, Home/Lifestyle, Special Offers). Anatomia do Coat of Arms Letter (7 elementos linha por linha + análise). Anatomia do Dollar Bill Letter (6 elementos + lições). 8 padrões de Opening Hooks documentados. 5 padrões de P.S. sections. Frameworks extraídos: Halbert Test Checklist, Processo de Escrita 5 Fases, Swipe File Methodology. Fontes: 66 PDFs em swipe/PDF/, gary_halbert_knowledge_extract.md, layer_1_behavioral_patterns.md"
    },
    {
      "id": "ENR-004",
      "title": "Enrich Hormozi Tasks with Extracted Artifacts",
      "description": "Usar artifacts já extraídos do Hormozi para enriquecer tasks de offer/ads/hooks",
      "acceptanceCriteria": [
        "READ: outputs/minds/alex_hormozi/artifacts/02_VALUE_EQUATION_ENGINE.md",
        "READ: outputs/minds/alex_hormozi/artifacts/03_OFFER_CREATION_SYSTEM.md",
        "READ: outputs/minds/alex_hormozi/artifacts/01_FRAMEWORKS_OPERACIONAIS.md",
        "UPDATE: expansion-packs/copy/tasks/create-offer.md - ADD Value Equation section",
        "UPDATE: expansion-packs/copy/tasks/create-lead-magnet.md - ADD Lead gen frameworks",
        "UPDATE: expansion-packs/copy/tasks/create-video-hook.md - ADD Hook patterns",
        "ADD SECTION em cada task: ## Hormozi Framework (Extraído dos Artifacts)",
        "VERIFY: Citar arquivo fonte de cada framework"
      ],
      "sourceFiles": [
        "outputs/minds/alex_hormozi/artifacts/"
      ],
      "targetFiles": [
        "expansion-packs/copy/tasks/create-offer.md",
        "expansion-packs/copy/tasks/create-lead-magnet.md",
        "expansion-packs/copy/tasks/create-video-hook.md"
      ],
      "priority": 1,
      "passes": true,
      "completedAt": "2026-01-23",
      "notes": "Completed: Extraídos frameworks dos 3 artifacts do Hormozi e integrados em 3 tasks. create-offer.md: ~380 linhas adicionadas - Value Equation Engine completo (4 variáveis com táticas), Algoritmo de Diagnóstico 5 passos, Framework de Pontuação Meditação vs Xanax, Ciência do Empilhamento de Valor, Offer Creation System (Multidão Faminta, 4 Indicadores, 4 Fases, Fórmula MAGICO), Frameworks Operacionais (Pensamento Divergente, Grand Slam Offer, Precificação por Nicho, Círculo Virtuoso, C.L.O.S.E.R., 4Rs). create-lead-magnet.md: ~190 linhas adicionadas - Value Equation aplicada a lead magnets, 4 variáveis adaptadas para lead gen, Empilhamento de Valor em landing pages, Matriz por Awareness Level, Continuum Lead Magnet→Oferta, Framework WHAT-WHY-HOW, Checklist Hormozi. create-video-hook.md: ~240 linhas adicionadas - Value Equation para hooks, Enquadramento por Status, Hooks de Especificidade/Nicho, Hooks de Prova Social, Hooks Rápido Supera Grátis, Hooks DFY/DWY, Hooks Grand Slam 5 componentes, More.Better.Different hooks, C.L.O.S.E.R. para VSL, Swipe file completo de hooks Hormozi-style, Checklist de verificação. Fontes: 01_FRAMEWORKS_OPERACIONAIS.md, 02_VALUE_EQUATION_ENGINE.md, 03_OFFER_CREATION_SYSTEM.md. Todas citações com referência de arquivo e seção."
    },
    {
      "id": "ENR-005",
      "title": "Enrich Jon Benson - VSL Methodology from Sources",
      "description": "Ler fontes do Jon Benson e detalhar metodologia VSL original",
      "acceptanceCriteria": [
        "READ: outputs/minds/jon_benson/sources/ (listar e ler todos arquivos)",
        "EXTRACT: VSL structure original como inventado por Benson",
        "EXTRACT: Sellerator methodology se disponível",
        "EXTRACT: Email copy frameworks",
        "UPDATE: expansion-packs/copy/agents/jon-benson.md",
        "ADD SECTION: ## VSL Original Framework (Do Inventor)",
        "VERIFY: Documentar origem de cada framework"
      ],
      "sourceFiles": [
        "outputs/minds/jon_benson/sources/"
      ],
      "targetFile": "expansion-packs/copy/agents/jon-benson.md",
      "priority": 1,
      "passes": true,
      "notes": "Completed: Extraídos VSL Original Framework, 5-Step Formula, 3X Formula, NLP Integration, BNSN.AI/Promptless methodology, Ethical AI Philosophy, linha do tempo de transformação, provas de autoridade (APEX 9.5/10), e temas da jornada. Fontes: sources_master.yaml, history.yaml, viability/jon_benson.md. Sellerator não disponível nas fontes (mencionado apenas como BNSN.AI predecessor). Open-Click-Buy email framework já existia no agent original."
    },
    {
      "id": "ENR-006",
      "title": "Enrich Task: create-sales-page with Halbert Swipe Analysis",
      "description": "Adicionar exemplos reais de sales letters do swipe file do Halbert",
      "acceptanceCriteria": [
        "READ: outputs/minds/gary_halbert/sources/swipe/PDF/ (analisar 5+ letters diferentes)",
        "EXTRACT: Estrutura comum identificada nas letters (outline)",
        "EXTRACT: Opening hooks reais usados (copy exata)",
        "EXTRACT: Closes e CTAs reais (copy exata)",
        "EXTRACT: Transitions entre seções",
        "UPDATE: expansion-packs/copy/tasks/create-sales-page.md",
        "ADD SECTION: ## Exemplos Reais de Sales Letters (Halbert Swipe)",
        "ADD: Templates baseados em letters reais analisadas",
        "VERIFY: Citar nome do swipe file de cada exemplo"
      ],
      "sourceFiles": [
        "outputs/minds/gary_halbert/sources/swipe/PDF/"
      ],
      "targetFile": "expansion-packs/copy/tasks/create-sales-page.md",
      "priority": 2,
      "passes": true,
      "completedAt": "2026-01-23",
      "notes": "Completed: Adicionado ~980 linhas de conteúdo extraído. (1) Análise estrutural de 5 cartas icônicas: Coat of Arms Letter, Famous Dollar Letter, Double The Size of Your Business, Brink of Suicide Letter, Beverly Hills Formula - cada uma com estrutura detalhada (headline, opening hook, body, proof, offer, close, PS) e lições extraídas. (2) Outline Universal Halbert Pattern de 13 fases extraído de 90+ letters. (3) 8 tipos de Opening Hooks identificados com quando usar e exemplos de swipe. (4) 6 tipos de Closes identificados com estrutura e quando usar. (5) 4 categorias de transições com frases específicas. (6) 4 Templates completos baseados em letters reais: Coat of Arms (Personalização), Dollar Letter (Grabber), Transformação (Vulnerabilidade), Insider (Status). (7) Lista completa de 68 swipe files categorizados (dinheiro, saúde, relacionamentos, investimentos, marketing, ofertas gerais, governo). (8) Workflow de uso prático. Fontes: outputs/minds/gary_halbert/sources/swipe/PDF/ (68 arquivos), gary_halbert_knowledge_extract.md, layer_1_behavioral_patterns.md"
    },
    {
      "id": "ENR-007",
      "title": "Enrich Task: create-headlines with Schwartz PDF Examples",
      "description": "Adicionar exemplos de headlines por nível de awareness do Breakthrough Advertising",
      "acceptanceCriteria": [
        "READ: outputs/minds/eugene_schwartz/sources/books/Breakthrough Advertising How to Write.pdf",
        "EXTRACT: Exemplos de headlines por nível de awareness (do livro, com página)",
        "EXTRACT: Headline formulas específicas mencionadas no livro",
        "EXTRACT: Análise de headlines que Schwartz cita como exemplos",
        "UPDATE: expansion-packs/copy/tasks/create-headlines.md",
        "ADD SECTION: ## Headlines por Awareness Level (Exemplos do Livro)",
        "VERIFY: Incluir referência de página/capítulo"
      ],
      "sourceFiles": [
        "outputs/minds/eugene_schwartz/sources/books/Breakthrough Advertising How to Write.pdf"
      ],
      "targetFile": "expansion-packs/copy/tasks/create-headlines.md",
      "priority": 2,
      "passes": true,
      "completedAt": "2026-01-23",
      "notes": "Completed: PDF inacessível diretamente (formato binário), extraído dos MMOS Artifacts. Adicionado ~600 linhas de conteúdo: (1) Headlines por Awareness Level - 5 níveis completos com estado mental, estratégia, fórmulas, exemplos e power words; (2) 10 Técnicas de Amplificação - Measure Size/Speed, Compare, Metaforize, Sensitize, Demonstrate, Dramatize, Create Paradox, Remove Limitations, Associate Authority; (3) Headlines Clássicos Analisados - Read 300 Magazines ($50M+), Burn Disease (20yr control), Give Me 15 Minutes, $500M Email; (4) Teoria Central Canalização vs Criação; (5) Hierarquia de Desejos (5 níveis); (6) Regra de Ouro 90%. Fontes: Blueprint_Cognitivo_Definitivo.md, Análise_Completa_Arquitetura_Cognitiva_DEEP.md, ANÁLISE_PSICOMÉTRICA_PROFUNDA.md"
    },
    {
      "id": "ENR-008",
      "title": "Enrich Task: create-email-sequence with Kennedy PDF",
      "description": "Extrair metodologia de email/direct mail do Kennedy",
      "acceptanceCriteria": [
        "READ: outputs/minds/dan_kennedy/sources/books/ (focar em Direct Mail Solution se existir)",
        "EXTRACT: Direct mail frameworks aplicáveis a email",
        "EXTRACT: Sequence structures (follow-up timing, frequency)",
        "EXTRACT: Kennedy's email/mail principles",
        "UPDATE: expansion-packs/copy/tasks/create-email-sequence.md",
        "ADD SECTION: ## Kennedy Direct Mail Principles (Extraído)",
        "VERIFY: Citar livro e seção"
      ],
      "sourceFiles": [
        "outputs/minds/dan_kennedy/sources/books/"
      ],
      "targetFile": "expansion-packs/copy/tasks/create-email-sequence.md",
      "priority": 2,
      "passes": true,
      "completedAt": "2026-01-23",
      "notes": "Completed: PDF Direct Mail Solution muito grande para leitura direta, extraído dos artifacts e transcrições MMOS. Adicionado ~600 linhas: (1) Direct Response Formula - Interrupt→Engage→Educate→Offer→CTA, (2) Seven Pillars of Direct Response com email_application, (3) Follow-Up System - 4 fases (Immediate/Short/Long-term/Reactivation), (4) Communication Matrix - timing 0-7d/1-4wk/1-6mo/6mo+, (5) Reactivation Strategy - 5 emails sequenciais, (6) 3 Email Templates completos (Disappearing Bonus, Last Chance, Takeaway Selling), (7) P.S. Strategy com 5 templates, (8) List Strategy - 40%/40%/20% formula, (9) Welcome Campaign Structure - 6 emails, (10) Customer Lifecycle System - 3 níveis, (11) 10 Core Principles aplicados a email, (12) DM to Email Translation - 8 regras, (13) 10 Golden Rules for Email. Fontes: ep_41_no_bs_direct_marketing.md, ep_07_clients_customers_patients_for_life.md, kennedy_templates.md, takeaway_selling_email.md, frameworks.md, EXTRAÇÃO_DEEP.md, quotes.md, magnetic_marketing_fundamentals.md"
    },
    {
      "id": "ENR-009",
      "title": "Enrich Task: vsl-script with Jon Benson Sources",
      "description": "Detalhar VSL methodology com fontes do inventor",
      "acceptanceCriteria": [
        "READ: outputs/minds/jon_benson/sources/ (todos arquivos disponíveis)",
        "EXTRACT: Original VSL structure as invented",
        "EXTRACT: Slide-by-slide framework se disponível",
        "EXTRACT: Timing e pacing recommendations",
        "UPDATE: expansion-packs/copy/tasks/vsl-script.md",
        "ADD SECTION: ## VSL Original do Inventor (Jon Benson)",
        "VERIFY: Documentar fonte de cada elemento"
      ],
      "sourceFiles": [
        "outputs/minds/jon_benson/sources/"
      ],
      "targetFile": "expansion-packs/copy/tasks/vsl-script.md",
      "priority": 2,
      "passes": true,
      "completedAt": "2026-01-23",
      "notes": "Completed: Extraídos 12 frameworks/seções do inventor: (1) História da Invenção 2006, (2) 5-Step VSL Process original com timing, (3) 3X Formula de 3 atos, (4) Snap Suggestion Method - 5 tipos, (5) Reluctant Hero Formula - 5 beats, (6) Timing e Pacing recommendations, (7) Persuasion Quadrant, (8) Curiosity Loop System - 5 tipos, (9) NLP Copy Techniques - 5 técnicas, (10) Ethical Persuasion Framework - 6 regras, (11) Estatísticas verificadas ($12B+, $40M single VSL), (12) Timeline completo 2004-2024. Fontes: sources_master.yaml, history.yaml, viability/jon_benson.md, jon-benson.md agent. Todas citações com referência de fonte documentada."
    },
    {
      "id": "ENR-010",
      "title": "Enrich Schwartz Artifacts Integration",
      "description": "Integrar artifacts existentes do Schwartz no agent",
      "acceptanceCriteria": [
        "READ: outputs/minds/eugene_schwartz/artifacts/ (todos os arquivos)",
        "EXTRACT: Frameworks operacionais documentados",
        "EXTRACT: Psychometric analysis insights",
        "EXTRACT: Core patterns identificados",
        "UPDATE: expansion-packs/copy/agents/eugene-schwartz.md",
        "ADD SECTION: ## MMOS Artifacts Integration",
        "VERIFY: Cross-reference com conteúdo do PDF"
      ],
      "sourceFiles": [
        "outputs/minds/eugene_schwartz/artifacts/"
      ],
      "targetFile": "expansion-packs/copy/agents/eugene-schwartz.md",
      "priority": 2,
      "passes": true,
      "completedAt": "2026-01-23",
      "notes": "Completed: Integrados 6 arquivos de artifacts: Arquitetura Cognitiva DEEP (sistema de valores, anti-valores, modos operacionais, heurísticas), Análise Psicométrica (DISC CD, Eneagrama 5w4, MBTI INTJ, Big Five, Estrato IV-V), Blueprint Cognitivo (método 33:33, pesquisa 80%, casos de teste), core_frameworks.md, patterns_and_templates.md, psychometric_analysis_DEEP.md. Adicionadas seções: Arquitetura Cognitiva Profunda, Análise Psicométrica, Modos Operacionais, 10 Heurísticas, 10 Instruções Core, Frameworks Mentais, Paradoxos Internos, 5 Casos de Teste, Prompt de Identidade, Superpoderes/Kryptonitas, Cross-Reference PDF."
    },
    {
      "id": "ENR-011",
      "title": "Enrich Kennedy Artifacts Integration",
      "description": "Verificar e integrar artifacts existentes do Kennedy",
      "acceptanceCriteria": [
        "LIST: outputs/minds/dan_kennedy/ (verificar estrutura completa)",
        "READ: Qualquer artifact/analysis disponível",
        "EXTRACT: Frameworks e patterns documentados",
        "UPDATE: expansion-packs/copy/agents/dan-kennedy.md",
        "ADD SECTION: ## MMOS Mind Integration",
        "VERIFY: Não duplicar conteúdo já existente"
      ],
      "sourceFiles": [
        "outputs/minds/dan_kennedy/"
      ],
      "targetFile": "expansion-packs/copy/agents/dan-kennedy.md",
      "priority": 2,
      "passes": true,
      "completedAt": "2026-01-23",
      "notes": "Integrado: Arquitetura Cognitiva (3 layers), Análise Psicométrica (DISC/Eneagrama/MBTI), 3 Estados Operacionais com gatilhos, Hierarquia de 5 Valores + Anti-valores, Sistema de Valores como Algoritmo, 10 Instruções Core, 4 Casos de Teste, Pontos de Inflexão. Fontes: frameworks.md, PSICOMÉTRICA.md, gatilhos.md, valores.md, EXTRAÇÃO_DEEP.md, **ARQUEOLOGIA_MENTAL_DE_DAN_KENNEDY**.md"
    },
    {
      "id": "ENR-012",
      "title": "Create Source Reference Index",
      "description": "Criar índice de todas as referências extraídas neste enrichment",
      "acceptanceCriteria": [
        "CREATE: expansion-packs/copy/docs/SOURCE_REFERENCES_INDEX.md",
        "LIST: Todas as citações extraídas por agent (com fonte)",
        "LIST: Todas as citações extraídas por task (com fonte)",
        "INCLUDE: Mapa de fonte -> arquivo destino",
        "INCLUDE: Summary de frameworks extraídos por fonte",
        "INCLUDE: Lista de PDFs/arquivos lidos"
      ],
      "targetFile": "expansion-packs/copy/docs/SOURCE_REFERENCES_INDEX.md",
      "priority": 3,
      "passes": true,
      "completedAt": "2026-01-23",
      "notes": "Criado SOURCE_REFERENCES_INDEX.md com: (1) Tabela de status das 12 stories, (2) Citações por Agent - Jon Benson (11 citações diretas, 11 frameworks, 5 estatísticas verificadas) + Dan Kennedy (perfil psicométrico DISC/Eneagrama/MBTI, 3 estados operacionais, 5 valores + anti-valores, 10 instruções core, 4 casos de teste), (3) Citações por Task - vsl-script.md (5-Step Process, 3X Formula, 5 tipos Snap Suggestion, 5 beats Reluctant Hero, 5 tipos Curiosity Loop, 6 regras Ethical Persuasion), (4) Mapa completo de 11 fontes → arquivos destino, (5) Frameworks extraídos organizados por fonte (jon_benson: 3 arquivos / dan_kennedy: 6 arquivos), (6) Lista de 12 arquivos lidos + fontes pendentes por story. Total: ~450 linhas de documentação."
    }
  ]
}
