{
  "project": "Copy Workflows YOLO Mode v2.0",
  "mode": "content",
  "branchName": "",
  "outputDir": "expansion-packs/copy",
  "description": "Implementar 7 workflows executáveis em modo YOLO (100% autônomo) para o expansion pack de Copy, baseado no Enhanced Workflows Framework v2.0",
  "context": {
    "analysis": {
      "agents": 19,
      "tasks": 48,
      "checklists": 15,
      "templates": 19,
      "workflows_documented": 7
    },
    "gaps_identified": [
      "Nenhum task para 'Criar Mecanismo Único' (Todd Brown)",
      "Nenhum task para 'Aplicar 30 Triggers' (Sugarman)",
      "Nenhum task para 'Script de Call de Vendas' (Kennedy)",
      "Nenhum workflow para Direct Mail (Rutz, Lampropoulos, Deutsch)"
    ],
    "framework_version": "2.0 - January 2025",
    "accuracy_estimate": "~95% after historical corrections"
  },
  "decision_matrix": {
    "description": "5 questions before starting any workflow",
    "questions": [
      "Q1: AWARENESS LEVEL - Unaware | Problem Aware | Solution Aware | Product Aware | Most Aware",
      "Q2: MARKET SOPHISTICATION - Stage 1-5 (Schwartz scale)",
      "Q3: PRICE POINT - Low (<$100) | Mid ($100-$1000) | High ($1000-$5000) | Premium ($5000+)",
      "Q4: TRAFFIC TEMPERATURE - Cold | Warm | Hot",
      "Q5: PRIMARY OUTPUT - VSL | Sales Letter | Email Sequence | Ad Creative | Webinar | Direct Mail | Landing Page | Content"
    ]
  },
  "architecture": {
    "workflows_final": [
      "wf-1-full-launch - Full Product Launch (5-7 days)",
      "wf-2-paid-traffic - Paid Traffic Campaign (2-3 days)",
      "wf-3-high-ticket - High-Ticket Sales $5k+ (7-10 days)",
      "wf-4-organic-content - Organic Content System (Ongoing)",
      "wf-5-email-marketing - Email Marketing System (Setup + Ongoing)",
      "wf-6-funnel-optimization - Funnel Optimization (3-5 days)",
      "wf-7-direct-mail - Direct Mail Campaign (2-3 weeks)"
    ],
    "tier_system": {
      "tier_0_foundation": [
        "Claude Hopkins (Scientific)",
        "Eugene Schwartz (Awareness)",
        "Robert Collier (Mental Conversation)"
      ],
      "tier_1_masters": [
        "Gary Halbert (Storytelling)",
        "John Carlton (Direct Benefit)",
        "Gary Bencivenga (Fascinations)",
        "Clayton Makepeace (Emotion)",
        "David Ogilvy (Research)"
      ],
      "tier_2_systematizers": [
        "Dan Kennedy (3Ms)",
        "Todd Brown (E5 Method)",
        "Stefan Georgi (RMBC)"
      ],
      "tier_3_specialists": [
        "Jon Benson (VSL)",
        "Andre Chaperon (SOS)",
        "Ben Settle (Daily Email)",
        "Parris Lampropoulos (Bullets)",
        "Joe Sugarman (30 Triggers)"
      ],
      "tier_4_volume": [
        "Jim Rutz (Magalog)",
        "David Deutsch (Controls)"
      ]
    },
    "clone_combinations": {
      "proven": [
        "Schwartz + Anyone (always diagnose awareness first)",
        "Todd Brown + Georgi (mechanism + production)",
        "Halbert + Makepeace (story + emotion)",
        "Chaperon + Settle (hybrid email)",
        "Bencivenga + Lampropoulos (bullet power)",
        "Kennedy + Todd Brown (avatar + differentiation)",
        "Hopkins + Sugarman (testing + triggers)",
        "Rutz + Deutsch (direct mail volume)"
      ],
      "caution": [
        "Halbert + Carlton same piece (style conflict)",
        "Ogilvy + Makepeace (tone conflict)",
        "All 30 Sugarman triggers (overkill)",
        "Settle + Chaperon same list (confusing)"
      ]
    },
    "completion_signals": {
      "complete": "<promise>COMPLETE</promise>",
      "checkpoint": "<promise>CHECKPOINT:PHASE-X</promise>",
      "blocked": "<promise>BLOCKED:T-X.Y</promise>"
    }
  },
  "parallelization": {
    "enabled": false,
    "notes": "Execução sequencial - cada fase depende da anterior"
  },
  "userStories": [
    {
      "id": "US-001",
      "title": "Criar estrutura de diretórios",
      "description": "Criar scripts/, workflows/, e atualizar projects/ com estrutura padrão YOLO",
      "outputFile": "expansion-packs/copy/scripts/.gitkeep",
      "passes": true,
      "dependencies": [],
      "notes": "PHASE 1: Foundation - Estrutura criada: scripts/ (já existia, adicionado .gitkeep), workflows/ (criado com .gitkeep), projects/README.md (documentação), outputs/ no projeto atual",
      "acceptanceCriteria": [
        "Diretório scripts/ criado",
        "Diretório workflows/ criado",
        "Estrutura padrão de projeto documentada"
      ],
      "status": "done"
    },
    {
      "id": "US-002",
      "title": "Criar copy.sh - Bash loop principal",
      "description": "Adaptar ralph.sh para execução por FASES (não stories), com checkpoints entre fases, múltiplos agentes por fase, e tracking de artefatos",
      "outputFile": "expansion-packs/copy/scripts/copy.sh",
      "passes": true,
      "dependencies": [
        "US-001"
      ],
      "notes": "PHASE 1: Foundation - Adaptado de ralph.sh (351 linhas). Diferenças: usa copy-state.json (não prd.json), baseado em FASES (não stories), suporta CHECKPOINT e BLOCKED signals, cria outputs/ automaticamente. 320 linhas.",
      "acceptanceCriteria": [
        "Script executável (chmod +x)",
        "Suporte a PROJECT_DIR como argumento",
        "Suporte a MAX_ITERATIONS como argumento opcional",
        "Detecção de completion signals",
        "Tracking de copy-state.json",
        "Logging em progress.txt"
      ],
      "reference": "expansion-packs/ralph/scripts/ralph.sh",
      "status": "done"
    },
    {
      "id": "US-003",
      "title": "Criar wf-1-full-launch.yaml",
      "description": "Workflow Full Product Launch (5-7 days) com 6 fases: Foundation (Day 1), Strategy (Day 2), Execution (Day 3-4), Email Sequences (Day 5), Optimization (Day 6-7)",
      "outputFile": "expansion-packs/copy/workflows/wf-1-full-launch.yaml",
      "passes": true,
      "dependencies": [
        "US-001"
      ],
      "notes": "PHASE 2: Workflows - Criado com 5 fases, 15 tasks, 6-7 dias. PHASE-1 Foundation (Day 1): Hopkins scientific testing + Schwartz awareness diagnosis + Collier mental conversation. PHASE-2 Strategy (Day 2): Kennedy 3Ms avatar + Todd Brown unique mechanism + Georgi RMBC. PHASE-3 Execution (Days 3-4): Multi-clone headlines (Halbert/Carlton/Ogilvy) + VSL (Benson) OR Sales Letter (Halbert) + Bencivenga/Lampropoulos bullets + Makepeace emotional amplification. PHASE-4 Email (Day 5): Chaperon SOS 5-email + Sugarman cart abandonment 4-email + Settle post-purchase (optional). PHASE-5 Optimization (Days 6-7): Hopkins audit + Sugarman trigger injection + Final QC. Checkpoints com human_review configurável. 16 agentes referenciados, 14 tasks utilizados. 480 linhas, YAML válido, todas referências validadas.",
      "acceptanceCriteria": [
        "YAML válido",
        "15 steps across 6 days",
        "Day 1: Hopkins setup, Schwartz awareness, Collier mental conversation",
        "Day 2: Kennedy 3Ms, Todd Brown mechanism, Georgi RMBC",
        "Day 3-4: Headlines (multi-clone), VSL (Benson) or Sales Letter (Halbert), Bullets (Bencivenga + Lampropoulos), Emotion (Makepeace)",
        "Day 5: Chaperon SOS, Sugarman cart sequence",
        "Day 6-7: Hopkins audit, Sugarman triggers, Final QC",
        "Checkpoints entre fases"
      ],
      "phases": [
        "Day 1 Foundation: Hopkins Scientific + Schwartz Awareness + Collier Entry",
        "Day 2 Strategy: Kennedy 3Ms + Todd Brown E5 + Georgi RMBC",
        "Day 3-4 Execution: Headlines + VSL/Sales Letter + Bullets + Emotion",
        "Day 5 Email: Chaperon SOS + Sugarman Triggers",
        "Day 6-7 Optimization: Hopkins Audit + Sugarman 30 + Final QC"
      ],
      "status": "done"
    },
    {
      "id": "US-004",
      "title": "Criar wf-2-paid-traffic.yaml",
      "description": "Workflow Paid Traffic Campaign (2-3 days) com 3 dias: Rapid Strategy, Ad Creatives, Landing Page",
      "outputFile": "expansion-packs/copy/workflows/wf-2-paid-traffic.yaml",
      "passes": true,
      "dependencies": [
        "US-001"
      ],
      "notes": "PHASE 2: Workflows - Criado com 3 fases: Awareness & Market Diagnosis (Day 1 - Schwartz awareness/sophistication + Kennedy avatar), Ad Copy Creation (Day 2 - Carlton headlines/ads + Halbert video hooks + Kennedy native ads), Landing Page & Conversion (Day 3 - Halbert landing page + Kennedy thank you/email + Todd Brown upsell). Agentes principais: eugene-schwartz, john-carlton, dan-kennedy, gary-halbert, todd-brown. Inclui awareness_strategies por nível (1-5), quality_gates detalhados, completion signals. 320 linhas, YAML válido.",
      "acceptanceCriteria": [
        "YAML válido",
        "Day 1: Traffic temperature (Schwartz), Quick mechanism (Todd Brown), Minimum avatar (Kennedy)",
        "Day 2: Cold ads (Halbert story), Warm ads (Carlton direct), Hot ads (Most Aware offer)",
        "Day 3: Landing page structure, Bencivenga bullets, Hopkins test variants",
        "Ad templates by traffic temperature"
      ],
      "status": "done"
    },
    {
      "id": "US-005",
      "title": "Criar wf-3-high-ticket.yaml",
      "description": "Workflow High-Ticket Sales $5k+ (7-10 days) com 3 fases: Deep Foundation, Acquisition Content, Conversion",
      "outputFile": "expansion-packs/copy/workflows/wf-3-high-ticket.yaml",
      "passes": true,
      "dependencies": [
        "US-001",
        "US-009"
      ],
      "notes": "PHASE 2: Workflows - Implementado com 4 fases: Phase 1 (Days 1-2) Deep Foundation com Kennedy 3Ms premium avatar + Schwartz Stage 4-5 diagnosis + Todd Brown premium mechanism. Phase 2 (Days 3-5) Acquisition Content com lead magnet, vsl-script (webinar 60-90min), Makepeace visceral, long SOS 10-14 emails (Chaperon). Phase 3 (Days 6-8) Conversion com application page, Kennedy call script (6-Step No BS Process + objection handling), follow-up sequence. Phase 4 (Days 9-10) Optimization com Hopkins audit + Sugarman triggers. 650+ linhas.",
      "acceptanceCriteria": [
        "YAML válido",
        "Phase 1 (Days 1-2): Premium avatar (Kennedy), Market sophistication (Schwartz Stage 4-5), Premium mechanism (Todd Brown)",
        "Phase 2 (Days 3-5): Lead magnet (Todd Brown mechanism as content), Webinar (Benson + Makepeace), Long SOS 10-14 emails (Chaperon)",
        "Phase 3 (Days 6-8): Application page, Sales call script (Kennedy), Follow-up sequence (Settle + Chaperon)",
        "Call script with objection handling"
      ],
      "status": "done"
    },
    {
      "id": "US-006",
      "title": "Criar wf-4-organic-content.yaml",
      "description": "Workflow Organic Content System (Ongoing) com estrutura semanal: Daily posts, 2x long-form, 1x newsletter, 1x monthly pillar",
      "outputFile": "expansion-packs/copy/workflows/wf-4-organic-content.yaml",
      "passes": true,
      "dependencies": [
        "US-001"
      ],
      "notes": "PHASE 2: Workflows - Criado com 6 fases: Content Strategy & Research, Content Architecture, Long-Form Content Creation, Social Content Adaptation, Email Integration, Quality Assurance & Polish. Agentes principais: robert-collier (entering conversation), gary-halbert (storytelling), david-ogilvy (editorial excellence), joe-sugarman (slippery slide hooks), ramit-sethi (value-first email). Outputs: 2-3 blog posts, 2 LinkedIn articles, 4-week newsletter series, 20+ social posts, 4 carousels, 4 threads, welcome sequence, nurture sequence. 345 linhas, YAML válido.",
      "acceptanceCriteria": [
        "YAML válido",
        "Daily: Short posts (Collier entry + Sugarman specificity) - Contrarian, Story, How-to, Observation, List types",
        "2x Weekly: Long-form (Halbert storytelling) - Threads, carousels, articles",
        "1x Weekly: Newsletter (Halbert personal letter style)",
        "1x Monthly: Pillar content (Ogilvy research depth)"
      ],
      "status": "done"
    },
    {
      "id": "US-007",
      "title": "Criar wf-5-email-marketing.yaml",
      "description": "Workflow Email Marketing System com 3 opções: Ben Settle (daily broadcast), Andre Chaperon (automation), Hybrid (recommended)",
      "outputFile": "expansion-packs/copy/workflows/wf-5-email-marketing.yaml",
      "passes": true,
      "dependencies": [
        "US-001"
      ],
      "notes": "PHASE 2: Workflows - Implementado com 4 fases: Foundation, Style Setup (A/B), Critical Automations, Integration. Inclui templates completos para Welcome, Story, Infotainment, Cart Abandonment e SOS. Todas as referências validadas.",
      "acceptanceCriteria": [
        "YAML válido",
        "Option A: Settle style (daily broadcast, infotainment, 3X persona)",
        "Option B: Chaperon style (automated SOS, topic sequences, behavior triggers)",
        "Option C: Hybrid (automated welcome/cart/post-purchase + manual broadcasts)",
        "Email templates: Welcome, Story, Infotainment, Cart abandonment"
      ],
      "status": "done"
    },
    {
      "id": "US-008",
      "title": "Criar wf-6-funnel-optimization.yaml",
      "description": "Workflow Funnel Optimization (3-5 days) com 4 fases: Diagnostic, Prioritized Fixes, Enhancement, Testing",
      "outputFile": "expansion-packs/copy/workflows/wf-6-funnel-optimization.yaml",
      "passes": true,
      "dependencies": [
        "US-001",
        "US-010"
      ],
      "notes": "PHASE 2: Workflows - Criado com 577 linhas. PHASE-1 Diagnostic (Days 1-2): Hopkins scientific audit + Schwartz awareness alignment + 6-dimension gap analysis (Awareness, Mechanism, Emotion, Proof, Objection, Entry). PHASE-2 Prioritized Fixes (Days 2-3): Priority order Headline>Lead>Offer>CTA>Proof com Carlton headlines, Sugarman slippery slide, Kennedy offer evaluation, Bencivenga proof. PHASE-3 Trigger Enhancement (Days 3-4): Sugarman 30 triggers com target 5-10 missing, max 22 total, priority triggers list, Hopkins specificity check. PHASE-4 Testing (Days 4-5): Hopkins A/B setup, 95% confidence, sample size calculator com formula, test plan structure para 5 tests prioritizados. 11 tasks referenciados validados, 9 agents referenciados validados.",
      "acceptanceCriteria": [
        "YAML válido",
        "Phase 1 Diagnostic: Hopkins metrics, Gap analysis (Awareness, Mechanism, Emotion, Proof, Objection, Entry)",
        "Phase 2 Fixes: Priority order (Headline > Lead > Offer > CTA > Proof)",
        "Phase 3 Enhancement: Sugarman trigger injection (5-10 missing triggers)",
        "Phase 4 Testing: Hopkins A/B setup, 95% confidence, sample size requirements"
      ],
      "status": "done"
    },
    {
      "id": "US-009",
      "title": "Criar wf-7-direct-mail.yaml",
      "description": "Workflow Direct Mail Campaign (2-3 weeks) com 4 fases: List Strategy, Format Selection, Copy Creation, Production & Testing",
      "outputFile": "expansion-packs/copy/workflows/wf-7-direct-mail.yaml",
      "passes": true,
      "dependencies": [
        "US-001"
      ],
      "notes": "PHASE 2: Workflows - Implementado com 4 fases completas. Phase 1 (Days 1-3): Kennedy starving crowd + RFM criteria + avatar research + awareness diagnosis. Phase 2 (Days 4-5): 5 format options (Magalog, Bookalog, Sales Letter, Postcard, Self-mailer) + Rutz magalog structure. Phase 3 (Days 6-14): Full copy structure com Lampropoulos 700-to-100 bullet system, Rutz editorial-first, Collier mental conversation, Bencivenga fascinations, envelope/opening/body/close/PS/lift note. Phase 4 (Days 15-21): Hopkins scientific testing 5000 pieces/cell, tracking codes, metrics, 95% confidence. 11 agents referenciados, 12 tasks utilizados, 650 linhas.",
      "acceptanceCriteria": [
        "YAML válido",
        "Phase 1: List selection (Kennedy starving crowd), RFM criteria",
        "Phase 2: Format (Magalog, Bookalog, Sales Letter, Postcard) - Rutz innovations",
        "Phase 3: Copy structure (Envelope, Letter opening, Body, Close, P.S., Lift note)",
        "Phase 4: Hopkins scientific testing (5000 pieces per test cell)"
      ],
      "references": [
        "Jim Rutz (Magalog)",
        "Parris Lampropoulos (12-year control)",
        "David Deutsch (6 simultaneous controls)"
      ],
      "status": "done"
    },
    {
      "id": "US-010",
      "title": "Criar task apply-sugarman-triggers.md",
      "description": "Task executável para aplicar os 30 triggers psicológicos de Sugarman em copy existente",
      "outputFile": "expansion-packs/copy/tasks/apply-sugarman-triggers.md",
      "passes": true,
      "dependencies": [
        "US-001"
      ],
      "notes": "PHASE 3: Tasks Críticos - Gap #2 - Task criado com 481 linhas. Inclui: 5-phase workflow (Audit, Gap Analysis, Injection, Integration, Scoring), templates para cada trigger crítico, tabela de conversão vague→specific, warnings sobre overload",
      "acceptanceCriteria": [
        "Formato task padrão Copy",
        "Referência ao checklist sugarman-30-triggers.md",
        "Input: copy existente",
        "Output: copy com triggers adicionados + relatório",
        "Commonly missed triggers: #5 Reason Why, #7 Honesty, #14 Storytelling, #16 Specificity, #26 Hope",
        "Warning: 15-20 naturally, overkill = distrust"
      ],
      "reference": "expansion-packs/copy/checklists/sugarman-30-triggers.md",
      "status": "done"
    },
    {
      "id": "US-011",
      "title": "Criar task create-call-script.md",
      "description": "Task para criar script de call de vendas high-ticket usando framework Dan Kennedy",
      "outputFile": "expansion-packs/copy/tasks/create-call-script.md",
      "passes": true,
      "dependencies": [
        "US-001"
      ],
      "notes": "PHASE 3: Tasks Críticos - Gap #3 - Implementado com 933 linhas. Frameworks: 6-Step No BS Sales Process, 3Ms Triangle (Message-Market-Media), Takeaway Selling, Urgency Engineering. Estrutura completa 45-60 min: Phase 1 Rapport (5 min) com authority establishment e takeaway positioning, Phase 2 Discovery (15-20 min) com 5 tiers de perguntas (Situation, Problem, Past Attempts, Cost, Desired Outcome), Phase 3 Presentation (10-15 min) com mechanism, case study, value stack, Phase 4 Close (10-15 min) com Kennedy urgency closes. Scripts completos para objeções: 'need to think', 'too expensive', 'need to talk to spouse', 'timing'.",
      "acceptanceCriteria": [
        "Formato task padrão Copy",
        "45-60 minute call structure",
        "Phase 1: Rapport & Agenda (5 min)",
        "Phase 2: Discovery (15-20 min) - situação, tentativas, custos, objetivos",
        "Phase 3: Present (10-15 min) - solução, case study, componentes",
        "Phase 4: Close (10-15 min) - preço, objeções",
        "Common objections with responses: 'need to think', 'too expensive', 'need to talk to spouse'"
      ],
      "reference": "expansion-packs/copy/agents/dan-kennedy.md",
      "status": "done"
    },
    {
      "id": "US-012",
      "title": "Criar task create-unique-mechanism.md",
      "description": "Task para criar Unique Mechanism usando E5 Method de Todd Brown",
      "outputFile": "expansion-packs/copy/tasks/create-unique-mechanism.md",
      "passes": true,
      "dependencies": [
        "US-001"
      ],
      "notes": "PHASE 3: Tasks Críticos - Gap #1 - Implementado task completo com: (1) TWO Mechanisms Framework - Problem Mechanism (why they failed) + Solution Mechanism (why yours works); (2) 6 tipos de Solution Mechanism - Process, Ingredient, Discovery, Speed, Origin, Contrarian; (3) Big Idea 5 criteria validation - Intellectually Interesting, Emotionally Compelling, Unique/Ownable, Single-Minded, Relevant; (4) E-C (P-P+U-M) I-I formula; (5) Mechanism Connection pattern; (6) Output document template completo; (7) Common mistakes section; (8) Integration com outros tasks (diagnose-awareness, diagnose-market-sophistication, create-headlines, create-sales-page). 530 linhas.",
      "acceptanceCriteria": [
        "Formato task padrão Copy",
        "TWO mechanisms: Problem Mechanism (why they failed) + Solution Mechanism (why yours works)",
        "Big Marketing Idea criteria: Intellectually interesting, Emotionally compelling, Impossible to ignore, Single-minded",
        "Test: Can state Big Idea in ONE sentence",
        "Output: Problem Mechanism + Solution Mechanism + Big Idea Statement"
      ],
      "reference": "expansion-packs/copy/agents/todd-brown.md",
      "status": "done"
    },
    {
      "id": "US-013",
      "title": "Criar task create-decision-matrix.md",
      "description": "Task para executar o Decision Matrix de 5 perguntas antes de qualquer workflow",
      "outputFile": "expansion-packs/copy/tasks/create-decision-matrix.md",
      "passes": true,
      "dependencies": [
        "US-001"
      ],
      "notes": "PHASE 3: Tasks - Criado task completo com: (1) 5 perguntas diagnósticas - Q1 Awareness Level (5 níveis Schwartz), Q2 Market Sophistication (5 estágios), Q3 Price Point (Low/Mid/High/Premium), Q4 Traffic Temperature (Cold/Warm/Hot), Q5 Primary Output (9 opções); (2) Matriz de recomendação mapeando respostas para WF-1 a WF-7; (3) Decision tree logic para seleção automática; (4) Clone combinations por workflow; (5) Output format YAML com recommendation, rationale, initial_configuration, first_steps, warnings; (6) Validation checklist.",
      "acceptanceCriteria": [
        "5 perguntas: Awareness Level, Market Sophistication, Price Point, Traffic Temperature, Primary Output",
        "Matriz de recomendação de workflow baseada nas respostas",
        "Output: Workflow recomendado + configurações iniciais"
      ],
      "status": "done"
    },
    {
      "id": "US-014",
      "title": "Criar template copy-state.json",
      "description": "Template de estado para tracking de progresso em projetos Copy",
      "outputFile": "expansion-packs/copy/templates/copy-state.json",
      "passes": true,
      "dependencies": [
        "US-001"
      ],
      "notes": "PHASE 4: Templates - Estado persistente entre iterações. Criado com estrutura completa: project (objeto), workflow_id, current_phase, total_phases, phases (7 fases com tasks, checkpoints), tasks_completed, artifacts, checkpoints, decision_matrix_answers, agents_used, clone_combinations_used, metrics, iteration_history. Template já existia em pipeline/state.json mas foi refatorado e movido para local correto com campos adicionais.",
      "acceptanceCriteria": [
        "JSON válido",
        "Campos: project, workflow_id, current_phase, tasks_completed, artifacts, checkpoints, decision_matrix_answers",
        "Tracking de agentes usados",
        "Histórico de iterações"
      ],
      "status": "done"
    },
    {
      "id": "US-015",
      "title": "Criar template prompt-copy.md",
      "description": "Prompt específico para execução de workflows Copy via Ralph",
      "outputFile": "expansion-packs/copy/templates/prompt-copy.md",
      "passes": true,
      "dependencies": [
        "US-001",
        "US-002"
      ],
      "notes": "PHASE 4: Templates - Criado com 487 linhas. Inclui: Completion Signals (COMPLETE/CHECKPOINT/BLOCKED), Phase 0 Decision Matrix (5 perguntas + workflow recommendation matrix), Phase Execution Loop com steps detalhados, State Management (copy-state.json updates + iteration_history), Clone Combinations (proven + caution), Validation Checklist por fase (TIER 0/2, Headlines, Bullets, Offer, Copy, Email, Optimization), Agent Reference (TIER 0-3 com tasks), File Structure (outputs/), Error Handling, Progress Logging format, Handoff Updates template, Quality Gates.",
      "acceptanceCriteria": [
        "Instruções claras para Claude",
        "Referência a copy-state.json",
        "Instruções de completion signals",
        "Checklist de validação por fase",
        "Decision matrix integration"
      ],
      "reference": "expansion-packs/ralph/templates/prompt.md",
      "status": "done"
    },
    {
      "id": "US-016",
      "title": "Criar template progress-copy.txt",
      "description": "Template de log de progresso para projetos Copy",
      "outputFile": "expansion-packs/copy/templates/progress-copy.txt",
      "passes": true,
      "dependencies": [
        "US-001"
      ],
      "notes": "PHASE 4: Templates - Log de sessão e progresso. Template criado com 259 linhas incluindo: Decision Matrix (5 perguntas), Phase Progress (6 fases), Clone Combinations Used, Artifacts Generated (por fase), Codebase Patterns, Key Files Reference, File List, Quality Gates Status, Session Log template, Completion Summary, Completion Signals Reference. Usa placeholders {{VAR}} para substituição pelo copy.sh.",
      "acceptanceCriteria": [
        "Formato texto simples",
        "Seções: Project Info, Phase Progress, Artifacts Generated, Session Log",
        "Clone combinations used",
        "Placeholders para substituição"
      ],
      "reference": "expansion-packs/ralph/templates/progress.txt",
      "status": "done"
    },
    {
      "id": "US-017",
      "title": "Atualizar config.yaml com settings YOLO",
      "description": "Adicionar configurações de YOLO mode ao config.yaml existente",
      "outputFile": "expansion-packs/copy/config.yaml",
      "passes": true,
      "dependencies": [
        "US-001",
        "US-002",
        "US-003",
        "US-004",
        "US-005",
        "US-006",
        "US-007",
        "US-008",
        "US-009"
      ],
      "notes": "PHASE 5: Integration - Seção yolo_mode adicionada com 310+ linhas. Inclui: (1) execution settings (auto_mode, max_iterations, checkpoint_human_review); (2) paths/state/progress/handoff configuration; (3) completion signals com patterns regex; (4) 7 workflows listados com metadata (id, name, duration, phases, recommended_for); (5) decision_matrix completo com 5 perguntas e recommendation_matrix; (6) clone_combinations (8 proven + 4 caution); (7) quality_gates por fase (4 fases); (8) error_recovery procedures. YAML validado.",
      "acceptanceCriteria": [
        "Seção yolo_mode adicionada",
        "AUTO_MODE: true/false",
        "Checkpoint settings",
        "Default workflow",
        "Completion signal patterns",
        "Clone combinations reference"
      ],
      "status": "done"
    },
    {
      "id": "US-018",
      "title": "Criar task create-big-idea.md",
      "description": "Task standalone para criar Big Idea usando Todd Brown's criteria",
      "outputFile": "expansion-packs/copy/tasks/create-big-idea.md",
      "passes": true,
      "dependencies": [
        "US-012"
      ],
      "notes": "PHASE 6: Extras - Task criado com 698 linhas. Inclui: (1) Big Idea Formula E-C(P-P+U-M)I-I com diagrama visual; (2) 6 técnicas de excavação - Contrarian Flip, Hidden Cause, Reframe Problem, Secret, Timing/Context, Identity Angle; (3) 5 Criteria Test com matriz de scoring visual; (4) One-Sentence Test com 4 templates (Promise+Mechanism, Discovery/Secret, Contrarian, Identity Shift); (5) Output document template completo; (6) Tabela comparativa vs create-unique-mechanism.md para quando usar cada um; (7) Common mistakes section com exemplos. Diferenciado de create-unique-mechanism por focar APENAS em Big Idea discovery e validation, sem Problem/Solution Mechanisms development.",
      "acceptanceCriteria": [
        "Formato task padrão Copy",
        "4 criteria: Intellectually interesting, Emotionally compelling, Impossible to ignore, Single-minded",
        "Output: Big Marketing Idea que pode ser stated em ONE sentence"
      ],
      "status": "done"
    },
    {
      "id": "US-019",
      "title": "Criar task create-proof-stack.md",
      "description": "Task para engenharia de provas para copy",
      "outputFile": "expansion-packs/copy/tasks/create-proof-stack.md",
      "passes": true,
      "dependencies": [
        "US-012"
      ],
      "notes": "PHASE 6: Extras - Criado task completo com: (1) 11 Proof Elements framework (Bencivenga + Hopkins) em 4 tiers - Demonstration, Authority, Logical, Risk Reversal; (2) Proof Audit Worksheet para avaliar estado atual; (3) Testimonial Engineering Process com templates de coleta e upgrade; (4) Case Study Development Framework com template completo; (5) Authority Indicators Framework - endorsements, media, credentials; (6) Logical Proof - Reason Why + Specificity; (7) Risk Reversal - Creative Guarantee + Candor; (8) Proof Stack Output Document template; (9) Proof deployment guide por contexto; (10) Common mistakes section. 1005 linhas.",
      "acceptanceCriteria": [
        "Formato task padrão Copy",
        "Testimonials with specifics (not just quotes)",
        "Case studies",
        "Authority indicators",
        "Output: Proof Stack document"
      ],
      "status": "done"
    },
    {
      "id": "US-020",
      "title": "Atualizar 07-WORKFLOWS.md com referência aos YAMLs",
      "description": "Atualizar documentação existente para referenciar os novos workflows executáveis",
      "outputFile": "expansion-packs/copy/docs/frameworks/07-WORKFLOWS-ENHANCED.md",
      "passes": true,
      "dependencies": [
        "US-003",
        "US-004",
        "US-005",
        "US-006",
        "US-007",
        "US-008",
        "US-009"
      ],
      "notes": "PHASE 7: Documentation - Atualizado 07-WORKFLOWS-ENHANCED.md com: (1) Matriz PROJECT → WORKFLOW expandida com coluna YAML FILE e localização dos arquivos; (2) Nova seção YOLO MODE EXECUTION com Quick Start, Executable Workflow Files table, Decision Matrix reference com tabela de recomendação, Key Tasks table, Completion Signals, Project Structure, Configuration exemplo, Clone Combinations por workflow, Execution Example completo. ~150 linhas adicionadas.",
      "acceptanceCriteria": [
        "Referência a cada workflow YAML",
        "Instrução de como executar via copy.sh",
        "Decision matrix reference",
        "Clone combinations reference",
        "Matriz projeto -> workflow atualizada com 7 workflows"
      ],
      "status": "done"
    },
    {
      "id": "US-021",
      "title": "Testar workflow completo",
      "description": "Executar teste end-to-end do sistema Copy YOLO",
      "outputFile": "expansion-packs/copy/projects/copy-workflows-yolo/test-results.md",
      "passes": true,
      "dependencies": [
        "US-002",
        "US-003",
        "US-014",
        "US-015",
        "US-016",
        "US-017"
      ],
      "notes": "PHASE 8: Validation - 26 testes executados, todos passaram. Validações: (1) copy.sh syntax OK + executável (755), (2) 7 workflows YAML válidos, (3) 3 templates válidos (copy-state.json, prompt-copy.md, progress-copy.txt), (4) 3 completion signals funcionam (COMPLETE, CHECKPOINT, BLOCKED), (5) jq state management OK, (6) 54 tasks + 19 agents disponíveis, (7) Projeto de teste inicializado corretamente. Relatório completo em test-results.md.",
      "acceptanceCriteria": [
        "copy.sh executa sem erros",
        "Estado persiste em copy-state.json",
        "Completion signal funciona",
        "Checkpoints pausam quando AUTO_MODE=false",
        "Tasks novos geram output válido",
        "Pelo menos 1 workflow executa end-to-end"
      ],
      "status": "done"
    }
  ],
  "metadata": {
    "created": "2026-01-23",
    "updated": "2026-01-23",
    "author": "AIOS Ralph PRD Generator",
    "version": "2.0",
    "source_plan": "Enhanced Workflows Framework v2.0 - January 2025",
    "total_stories": 21,
    "phases": {
      "1_foundation": [
        "US-001",
        "US-002"
      ],
      "2_workflows": [
        "US-003",
        "US-004",
        "US-005",
        "US-006",
        "US-007",
        "US-008",
        "US-009"
      ],
      "3_critical_tasks": [
        "US-010",
        "US-011",
        "US-012",
        "US-013"
      ],
      "4_templates": [
        "US-014",
        "US-015",
        "US-016"
      ],
      "5_integration": [
        "US-017"
      ],
      "6_extras": [
        "US-018",
        "US-019"
      ],
      "7_documentation": [
        "US-020"
      ],
      "8_validation": [
        "US-021"
      ]
    },
    "historical_corrections": [
      "Claude Hopkins moved to Tier 0 (Foundation)",
      "Dan Kennedy corrected to 3Ms (not 4Ms)",
      "Added: Parris Lampropoulos, David Deutsch, Jim Rutz, Robert Collier",
      "Joe Sugarman corrected to 30 triggers (not 31)",
      "Carlton-Halbert relationship corrected (20-year partnership, not student)"
    ]
  }
}
